{
  "我是不是也有点傲慢": {
    "x": 0.46680497925311204,
    "y": 1
  },
  "在爸爸这座“大山”下，用AI写完一篇周记": {
    "x": 0.487551867219917,
    "y": 0.5292549139113211
  },
  "资产、复利与一个奇妙的时刻": {
    "x": 0.5,
    "y": 0.5
  },
  "当大模型遇上小矿工": {
    "x": 0.5,
    "y": 0.5780131037635228
  }
}